"cell_id","role","module","action","permission_api_field","question_for_owner"
"TERMINAL:marcar_remate:ver","TERMINAL","marcar_remate","ver","puedeVer","¿Qué método/ruta y botón real consumen este campo, o confirma que no tiene operación?"
"TERMINAL:marcar_remate:crear","TERMINAL","marcar_remate","crear","puedeCrear","¿Qué método/ruta y botón real consumen este campo, o confirma que no tiene operación?"
"TERMINAL:marcar_remate:editar","TERMINAL","marcar_remate","editar","puedeEditar","¿Qué método/ruta y botón real consumen este campo, o confirma que no tiene operación?"
"TERMINAL:dashboard:crear","TERMINAL","dashboard","crear","puedeCrear","¿Qué método/ruta y botón real consumen este campo, o confirma que no tiene operación?"
"TERMINAL:dashboard:editar","TERMINAL","dashboard","editar","puedeEditar","¿Qué método/ruta y botón real consumen este campo, o confirma que no tiene operación?"
"TERMINAL:dashboard:autorizar","TERMINAL","dashboard","autorizar","puedeAutorizar","¿Qué método/ruta y botón real consumen este campo, o confirma que no tiene operación?"
"TERMINAL:pos:editar","TERMINAL","pos","editar","puedeEditar","¿Qué método/ruta y botón real consumen este campo, o confirma que no tiene operación?"
"TERMINAL:pos:autorizar","TERMINAL","pos","autorizar","puedeAutorizar","¿Qué método/ruta y botón real consumen este campo, o confirma que no tiene operación?"
"TERMINAL:entradas:autorizar","TERMINAL","entradas","autorizar","puedeAutorizar","¿Qué método/ruta y botón real consumen este campo, o confirma que no tiene operación?"
"TERMINAL:movimientos:crear","TERMINAL","movimientos","crear","puedeCrear","¿Qué método/ruta y botón real consumen este campo, o confirma que no tiene operación?"
"TERMINAL:movimientos:editar","TERMINAL","movimientos","editar","puedeEditar","¿Qué método/ruta y botón real consumen este campo, o confirma que no tiene operación?"
"TERMINAL:movimientos:autorizar","TERMINAL","movimientos","autorizar","puedeAutorizar","¿Qué método/ruta y botón real consumen este campo, o confirma que no tiene operación?"
"TERMINAL:etiquetas:autorizar","TERMINAL","etiquetas","autorizar","puedeAutorizar","¿Qué método/ruta y botón real consumen este campo, o confirma que no tiene operación?"
"TERMINAL:inventario:crear","TERMINAL","inventario","crear","puedeCrear","¿Qué método/ruta y botón real consumen este campo, o confirma que no tiene operación?"
"TERMINAL:inventario:autorizar","TERMINAL","inventario","autorizar","puedeAutorizar","¿Qué método/ruta y botón real consumen este campo, o confirma que no tiene operación?"
"TERMINAL:productos:autorizar","TERMINAL","productos","autorizar","puedeAutorizar","¿Qué método/ruta y botón real consumen este campo, o confirma que no tiene operación?"
"TERMINAL:precios:crear","TERMINAL","precios","crear","puedeCrear","¿Qué método/ruta y botón real consumen este campo, o confirma que no tiene operación?"
"TERMINAL:precios:autorizar","TERMINAL","precios","autorizar","puedeAutorizar","¿Qué método/ruta y botón real consumen este campo, o confirma que no tiene operación?"
"TERMINAL:ajustes:ver","TERMINAL","ajustes","ver","puedeVer","¿Qué método/ruta y botón real consumen este campo, o confirma que no tiene operación?"
"TERMINAL:ajustes:editar","TERMINAL","ajustes","editar","puedeEditar","¿Qué método/ruta y botón real consumen este campo, o confirma que no tiene operación?"
"TERMINAL:clientes:autorizar","TERMINAL","clientes","autorizar","puedeAutorizar","¿Qué método/ruta y botón real consumen este campo, o confirma que no tiene operación?"
"TERMINAL:clientes_credito:crear","TERMINAL","clientes_credito","crear","puedeCrear","¿Qué método/ruta y botón real consumen este campo, o confirma que no tiene operación?"
"TERMINAL:clientes_credito:autorizar","TERMINAL","clientes_credito","autorizar","puedeAutorizar","¿Qué método/ruta y botón real consumen este campo, o confirma que no tiene operación?"
"TERMINAL:clientes_precios:crear","TERMINAL","clientes_precios","crear","puedeCrear","¿Qué método/ruta y botón real consumen este campo, o confirma que no tiene operación?"
"TERMINAL:clientes_precios:editar","TERMINAL","clientes_precios","editar","puedeEditar","¿Qué método/ruta y botón real consumen este campo, o confirma que no tiene operación?"
"TERMINAL:clientes_precios:autorizar","TERMINAL","clientes_precios","autorizar","puedeAutorizar","¿Qué método/ruta y botón real consumen este campo, o confirma que no tiene operación?"
"TERMINAL:clientes_finanzas:editar","TERMINAL","clientes_finanzas","editar","puedeEditar","¿Qué método/ruta y botón real consumen este campo, o confirma que no tiene operación?"
"TERMINAL:caja_abonos:ver","TERMINAL","caja_abonos","ver","puedeVer","¿Qué método/ruta y botón real consumen este campo, o confirma que no tiene operación?"
"TERMINAL:caja_abonos:editar","TERMINAL","caja_abonos","editar","puedeEditar","¿Qué método/ruta y botón real consumen este campo, o confirma que no tiene operación?"
"TERMINAL:caja_abonos:autorizar","TERMINAL","caja_abonos","autorizar","puedeAutorizar","¿Qué método/ruta y botón real consumen este campo, o confirma que no tiene operación?"
"TERMINAL:clientes_recapturas:ver","TERMINAL","clientes_recapturas","ver","puedeVer","¿Qué método/ruta y botón real consumen este campo, o confirma que no tiene operación?"
"TERMINAL:clientes_recapturas:editar","TERMINAL","clientes_recapturas","editar","puedeEditar","¿Qué método/ruta y botón real consumen este campo, o confirma que no tiene operación?"
"TERMINAL:clientes_recapturas:autorizar","TERMINAL","clientes_recapturas","autorizar","puedeAutorizar","¿Qué método/ruta y botón real consumen este campo, o confirma que no tiene operación?"
"TERMINAL:proveedores:autorizar","TERMINAL","proveedores","autorizar","puedeAutorizar","¿Qué método/ruta y botón real consumen este campo, o confirma que no tiene operación?"
"TERMINAL:proveedores_finanzas:editar","TERMINAL","proveedores_finanzas","editar","puedeEditar","¿Qué método/ruta y botón real consumen este campo, o confirma que no tiene operación?"
"TERMINAL:ubicaciones:autorizar","TERMINAL","ubicaciones","autorizar","puedeAutorizar","¿Qué método/ruta y botón real consumen este campo, o confirma que no tiene operación?"
"TERMINAL:usuarios:autorizar","TERMINAL","usuarios","autorizar","puedeAutorizar","¿Qué método/ruta y botón real consumen este campo, o confirma que no tiene operación?"
"TERMINAL:permisos:crear","TERMINAL","permisos","crear","puedeCrear","¿Qué método/ruta y botón real consumen este campo, o confirma que no tiene operación?"
"TERMINAL:permisos:autorizar","TERMINAL","permisos","autorizar","puedeAutorizar","¿Qué método/ruta y botón real consumen este campo, o confirma que no tiene operación?"
"TERMINAL:resumen_caja:crear","TERMINAL","resumen_caja","crear","puedeCrear","¿Qué método/ruta y botón real consumen este campo, o confirma que no tiene operación?"
"TERMINAL:resumen_caja:editar","TERMINAL","resumen_caja","editar","puedeEditar","¿Qué método/ruta y botón real consumen este campo, o confirma que no tiene operación?"
"TERMINAL:resumen_caja:autorizar","TERMINAL","resumen_caja","autorizar","puedeAutorizar","¿Qué método/ruta y botón real consumen este campo, o confirma que no tiene operación?"
"TERMINAL:cortes:editar","TERMINAL","cortes","editar","puedeEditar","¿Qué método/ruta y botón real consumen este campo, o confirma que no tiene operación?"
"TERMINAL:cortes:autorizar","TERMINAL","cortes","autorizar","puedeAutorizar","¿Qué método/ruta y botón real consumen este campo, o confirma que no tiene operación?"
"TERMINAL:cobros_pagos:editar","TERMINAL","cobros_pagos","editar","puedeEditar","¿Qué método/ruta y botón real consumen este campo, o confirma que no tiene operación?"
"TERMINAL:cobros_pagos:autorizar","TERMINAL","cobros_pagos","autorizar","puedeAutorizar","¿Qué método/ruta y botón real consumen este campo, o confirma que no tiene operación?"
"TERMINAL:reportes:crear","TERMINAL","reportes","crear","puedeCrear","¿Qué método/ruta y botón real consumen este campo, o confirma que no tiene operación?"
"TERMINAL:reportes:editar","TERMINAL","reportes","editar","puedeEditar","¿Qué método/ruta y botón real consumen este campo, o confirma que no tiene operación?"
"TERMINAL:reportes:autorizar","TERMINAL","reportes","autorizar","puedeAutorizar","¿Qué método/ruta y botón real consumen este campo, o confirma que no tiene operación?"
"TERMINAL:conciliacion:crear","TERMINAL","conciliacion","crear","puedeCrear","¿Qué método/ruta y botón real consumen este campo, o confirma que no tiene operación?"
"TERMINAL:conciliacion:editar","TERMINAL","conciliacion","editar","puedeEditar","¿Qué método/ruta y botón real consumen este campo, o confirma que no tiene operación?"
"TERMINAL:auditoria:crear","TERMINAL","auditoria","crear","puedeCrear","¿Qué método/ruta y botón real consumen este campo, o confirma que no tiene operación?"
"TERMINAL:auditoria:editar","TERMINAL","auditoria","editar","puedeEditar","¿Qué método/ruta y botón real consumen este campo, o confirma que no tiene operación?"
"TERMINAL:auditoria:autorizar","TERMINAL","auditoria","autorizar","puedeAutorizar","¿Qué método/ruta y botón real consumen este campo, o confirma que no tiene operación?"
"TERMINAL:camionetas:autorizar","TERMINAL","camionetas","autorizar","puedeAutorizar","¿Qué método/ruta y botón real consumen este campo, o confirma que no tiene operación?"
"TERMINAL:choferes:autorizar","TERMINAL","choferes","autorizar","puedeAutorizar","¿Qué método/ruta y botón real consumen este campo, o confirma que no tiene operación?"
"TERMINAL:viajes:editar","TERMINAL","viajes","editar","puedeEditar","¿Qué método/ruta y botón real consumen este campo, o confirma que no tiene operación?"
"TERMINAL:viajes:autorizar","TERMINAL","viajes","autorizar","puedeAutorizar","¿Qué método/ruta y botón real consumen este campo, o confirma que no tiene operación?"
"TERMINAL:salidas_venta:editar","TERMINAL","salidas_venta","editar","puedeEditar","¿Qué método/ruta y botón real consumen este campo, o confirma que no tiene operación?"
"TERMINAL:salidas_venta:autorizar","TERMINAL","salidas_venta","autorizar","puedeAutorizar","¿Qué método/ruta y botón real consumen este campo, o confirma que no tiene operación?"
"TERMINAL:equipos:autorizar","TERMINAL","equipos","autorizar","puedeAutorizar","¿Qué método/ruta y botón real consumen este campo, o confirma que no tiene operación?"
"CAJA:marcar_remate:ver","CAJA","marcar_remate","ver","puedeVer","¿Qué método/ruta y botón real consumen este campo, o confirma que no tiene operación?"
"CAJA:marcar_remate:crear","CAJA","marcar_remate","crear","puedeCrear","¿Qué método/ruta y botón real consumen este campo, o confirma que no tiene operación?"
"CAJA:marcar_remate:editar","CAJA","marcar_remate","editar","puedeEditar","¿Qué método/ruta y botón real consumen este campo, o confirma que no tiene operación?"
"CAJA:dashboard:crear","CAJA","dashboard","crear","puedeCrear","¿Qué método/ruta y botón real consumen este campo, o confirma que no tiene operación?"
"CAJA:dashboard:editar","CAJA","dashboard","editar","puedeEditar","¿Qué método/ruta y botón real consumen este campo, o confirma que no tiene operación?"
"CAJA:dashboard:autorizar","CAJA","dashboard","autorizar","puedeAutorizar","¿Qué método/ruta y botón real consumen este campo, o confirma que no tiene operación?"
"CAJA:pos:editar","CAJA","pos","editar","puedeEditar","¿Qué método/ruta y botón real consumen este campo, o confirma que no tiene operación?"
"CAJA:pos:autorizar","CAJA","pos","autorizar","puedeAutorizar","¿Qué método/ruta y botón real consumen este campo, o confirma que no tiene operación?"
"CAJA:entradas:autorizar","CAJA","entradas","autorizar","puedeAutorizar","¿Qué método/ruta y botón real consumen este campo, o confirma que no tiene operación?"
"CAJA:movimientos:crear","CAJA","movimientos","crear","puedeCrear","¿Qué método/ruta y botón real consumen este campo, o confirma que no tiene operación?"
"CAJA:movimientos:editar","CAJA","movimientos","editar","puedeEditar","¿Qué método/ruta y botón real consumen este campo, o confirma que no tiene operación?"
"CAJA:movimientos:autorizar","CAJA","movimientos","autorizar","puedeAutorizar","¿Qué método/ruta y botón real consumen este campo, o confirma que no tiene operación?"
"CAJA:etiquetas:autorizar","CAJA","etiquetas","autorizar","puedeAutorizar","¿Qué método/ruta y botón real consumen este campo, o confirma que no tiene operación?"
"CAJA:inventario:crear","CAJA","inventario","crear","puedeCrear","¿Qué método/ruta y botón real consumen este campo, o confirma que no tiene operación?"
"CAJA:inventario:autorizar","CAJA","inventario","autorizar","puedeAutorizar","¿Qué método/ruta y botón real consumen este campo, o confirma que no tiene operación?"
"CAJA:productos:autorizar","CAJA","productos","autorizar","puedeAutorizar","¿Qué método/ruta y botón real consumen este campo, o confirma que no tiene operación?"
"CAJA:precios:crear","CAJA","precios","crear","puedeCrear","¿Qué método/ruta y botón real consumen este campo, o confirma que no tiene operación?"
"CAJA:precios:autorizar","CAJA","precios","autorizar","puedeAutorizar","¿Qué método/ruta y botón real consumen este campo, o confirma que no tiene operación?"
"CAJA:ajustes:ver","CAJA","ajustes","ver","puedeVer","¿Qué método/ruta y botón real consumen este campo, o confirma que no tiene operación?"
"CAJA:ajustes:editar","CAJA","ajustes","editar","puedeEditar","¿Qué método/ruta y botón real consumen este campo, o confirma que no tiene operación?"
"CAJA:clientes:autorizar","CAJA","clientes","autorizar","puedeAutorizar","¿Qué método/ruta y botón real consumen este campo, o confirma que no tiene operación?"
"CAJA:clientes_credito:crear","CAJA","clientes_credito","crear","puedeCrear","¿Qué método/ruta y botón real consumen este campo, o confirma que no tiene operación?"
"CAJA:clientes_credito:autorizar","CAJA","clientes_credito","autorizar","puedeAutorizar","¿Qué método/ruta y botón real consumen este campo, o confirma que no tiene operación?"
"CAJA:clientes_precios:crear","CAJA","clientes_precios","crear","puedeCrear","¿Qué método/ruta y botón real consumen este campo, o confirma que no tiene operación?"
"CAJA:clientes_precios:editar","CAJA","clientes_precios","editar","puedeEditar","¿Qué método/ruta y botón real consumen este campo, o confirma que no tiene operación?"
"CAJA:clientes_precios:autorizar","CAJA","clientes_precios","autorizar","puedeAutorizar","¿Qué método/ruta y botón real consumen este campo, o confirma que no tiene operación?"
"CAJA:clientes_finanzas:editar","CAJA","clientes_finanzas","editar","puedeEditar","¿Qué método/ruta y botón real consumen este campo, o confirma que no tiene operación?"
"CAJA:caja_abonos:ver","CAJA","caja_abonos","ver","puedeVer","¿Qué método/ruta y botón real consumen este campo, o confirma que no tiene operación?"
"CAJA:caja_abonos:editar","CAJA","caja_abonos","editar","puedeEditar","¿Qué método/ruta y botón real consumen este campo, o confirma que no tiene operación?"
"CAJA:caja_abonos:autorizar","CAJA","caja_abonos","autorizar","puedeAutorizar","¿Qué método/ruta y botón real consumen este campo, o confirma que no tiene operación?"
"CAJA:clientes_recapturas:ver","CAJA","clientes_recapturas","ver","puedeVer","¿Qué método/ruta y botón real consumen este campo, o confirma que no tiene operación?"
"CAJA:clientes_recapturas:editar","CAJA","clientes_recapturas","editar","puedeEditar","¿Qué método/ruta y botón real consumen este campo, o confirma que no tiene operación?"
"CAJA:clientes_recapturas:autorizar","CAJA","clientes_recapturas","autorizar","puedeAutorizar","¿Qué método/ruta y botón real consumen este campo, o confirma que no tiene operación?"
"CAJA:proveedores:autorizar","CAJA","proveedores","autorizar","puedeAutorizar","¿Qué método/ruta y botón real consumen este campo, o confirma que no tiene operación?"
"CAJA:proveedores_finanzas:editar","CAJA","proveedores_finanzas","editar","puedeEditar","¿Qué método/ruta y botón real consumen este campo, o confirma que no tiene operación?"
"CAJA:ubicaciones:autorizar","CAJA","ubicaciones","autorizar","puedeAutorizar","¿Qué método/ruta y botón real consumen este campo, o confirma que no tiene operación?"
"CAJA:usuarios:autorizar","CAJA","usuarios","autorizar","puedeAutorizar","¿Qué método/ruta y botón real consumen este campo, o confirma que no tiene operación?"
"CAJA:permisos:crear","CAJA","permisos","crear","puedeCrear","¿Qué método/ruta y botón real consumen este campo, o confirma que no tiene operación?"
"CAJA:permisos:autorizar","CAJA","permisos","autorizar","puedeAutorizar","¿Qué método/ruta y botón real consumen este campo, o confirma que no tiene operación?"
"CAJA:resumen_caja:crear","CAJA","resumen_caja","crear","puedeCrear","¿Qué método/ruta y botón real consumen este campo, o confirma que no tiene operación?"
"CAJA:resumen_caja:editar","CAJA","resumen_caja","editar","puedeEditar","¿Qué método/ruta y botón real consumen este campo, o confirma que no tiene operación?"
"CAJA:resumen_caja:autorizar","CAJA","resumen_caja","autorizar","puedeAutorizar","¿Qué método/ruta y botón real consumen este campo, o confirma que no tiene operación?"
"CAJA:cortes:editar","CAJA","cortes","editar","puedeEditar","¿Qué método/ruta y botón real consumen este campo, o confirma que no tiene operación?"
"CAJA:cortes:autorizar","CAJA","cortes","autorizar","puedeAutorizar","¿Qué método/ruta y botón real consumen este campo, o confirma que no tiene operación?"
"CAJA:cobros_pagos:editar","CAJA","cobros_pagos","editar","puedeEditar","¿Qué método/ruta y botón real consumen este campo, o confirma que no tiene operación?"
"CAJA:cobros_pagos:autorizar","CAJA","cobros_pagos","autorizar","puedeAutorizar","¿Qué método/ruta y botón real consumen este campo, o confirma que no tiene operación?"
"CAJA:reportes:crear","CAJA","reportes","crear","puedeCrear","¿Qué método/ruta y botón real consumen este campo, o confirma que no tiene operación?"
"CAJA:reportes:editar","CAJA","reportes","editar","puedeEditar","¿Qué método/ruta y botón real consumen este campo, o confirma que no tiene operación?"
"CAJA:reportes:autorizar","CAJA","reportes","autorizar","puedeAutorizar","¿Qué método/ruta y botón real consumen este campo, o confirma que no tiene operación?"
"CAJA:conciliacion:crear","CAJA","conciliacion","crear","puedeCrear","¿Qué método/ruta y botón real consumen este campo, o confirma que no tiene operación?"
"CAJA:conciliacion:editar","CAJA","conciliacion","editar","puedeEditar","¿Qué método/ruta y botón real consumen este campo, o confirma que no tiene operación?"
"CAJA:auditoria:crear","CAJA","auditoria","crear","puedeCrear","¿Qué método/ruta y botón real consumen este campo, o confirma que no tiene operación?"
"CAJA:auditoria:editar","CAJA","auditoria","editar","puedeEditar","¿Qué método/ruta y botón real consumen este campo, o confirma que no tiene operación?"
"CAJA:auditoria:autorizar","CAJA","auditoria","autorizar","puedeAutorizar","¿Qué método/ruta y botón real consumen este campo, o confirma que no tiene operación?"
"CAJA:camionetas:autorizar","CAJA","camionetas","autorizar","puedeAutorizar","¿Qué método/ruta y botón real consumen este campo, o confirma que no tiene operación?"
"CAJA:choferes:autorizar","CAJA","choferes","autorizar","puedeAutorizar","¿Qué método/ruta y botón real consumen este campo, o confirma que no tiene operación?"
"CAJA:viajes:editar","CAJA","viajes","editar","puedeEditar","¿Qué método/ruta y botón real consumen este campo, o confirma que no tiene operación?"
"CAJA:viajes:autorizar","CAJA","viajes","autorizar","puedeAutorizar","¿Qué método/ruta y botón real consumen este campo, o confirma que no tiene operación?"
"CAJA:salidas_venta:editar","CAJA","salidas_venta","editar","puedeEditar","¿Qué método/ruta y botón real consumen este campo, o confirma que no tiene operación?"
"CAJA:salidas_venta:autorizar","CAJA","salidas_venta","autorizar","puedeAutorizar","¿Qué método/ruta y botón real consumen este campo, o confirma que no tiene operación?"
"CAJA:equipos:autorizar","CAJA","equipos","autorizar","puedeAutorizar","¿Qué método/ruta y botón real consumen este campo, o confirma que no tiene operación?"
"SUPERVISOR:marcar_remate:ver","SUPERVISOR","marcar_remate","ver","puedeVer","¿Qué método/ruta y botón real consumen este campo, o confirma que no tiene operación?"
"SUPERVISOR:marcar_remate:crear","SUPERVISOR","marcar_remate","crear","puedeCrear","¿Qué método/ruta y botón real consumen este campo, o confirma que no tiene operación?"
"SUPERVISOR:marcar_remate:editar","SUPERVISOR","marcar_remate","editar","puedeEditar","¿Qué método/ruta y botón real consumen este campo, o confirma que no tiene operación?"
"SUPERVISOR:dashboard:crear","SUPERVISOR","dashboard","crear","puedeCrear","¿Qué método/ruta y botón real consumen este campo, o confirma que no tiene operación?"
"SUPERVISOR:dashboard:editar","SUPERVISOR","dashboard","editar","puedeEditar","¿Qué método/ruta y botón real consumen este campo, o confirma que no tiene operación?"
"SUPERVISOR:dashboard:autorizar","SUPERVISOR","dashboard","autorizar","puedeAutorizar","¿Qué método/ruta y botón real consumen este campo, o confirma que no tiene operación?"
"SUPERVISOR:pos:editar","SUPERVISOR","pos","editar","puedeEditar","¿Qué método/ruta y botón real consumen este campo, o confirma que no tiene operación?"
"SUPERVISOR:pos:autorizar","SUPERVISOR","pos","autorizar","puedeAutorizar","¿Qué método/ruta y botón real consumen este campo, o confirma que no tiene operación?"
"SUPERVISOR:entradas:autorizar","SUPERVISOR","entradas","autorizar","puedeAutorizar","¿Qué método/ruta y botón real consumen este campo, o confirma que no tiene operación?"
"SUPERVISOR:movimientos:crear","SUPERVISOR","movimientos","crear","puedeCrear","¿Qué método/ruta y botón real consumen este campo, o confirma que no tiene operación?"
"SUPERVISOR:movimientos:editar","SUPERVISOR","movimientos","editar","puedeEditar","¿Qué método/ruta y botón real consumen este campo, o confirma que no tiene operación?"
"SUPERVISOR:movimientos:autorizar","SUPERVISOR","movimientos","autorizar","puedeAutorizar","¿Qué método/ruta y botón real consumen este campo, o confirma que no tiene operación?"
"SUPERVISOR:etiquetas:autorizar","SUPERVISOR","etiquetas","autorizar","puedeAutorizar","¿Qué método/ruta y botón real consumen este campo, o confirma que no tiene operación?"
"SUPERVISOR:inventario:crear","SUPERVISOR","inventario","crear","puedeCrear","¿Qué método/ruta y botón real consumen este campo, o confirma que no tiene operación?"
"SUPERVISOR:inventario:autorizar","SUPERVISOR","inventario","autorizar","puedeAutorizar","¿Qué método/ruta y botón real consumen este campo, o confirma que no tiene operación?"
"SUPERVISOR:productos:autorizar","SUPERVISOR","productos","autorizar","puedeAutorizar","¿Qué método/ruta y botón real consumen este campo, o confirma que no tiene operación?"
"SUPERVISOR:precios:crear","SUPERVISOR","precios","crear","puedeCrear","¿Qué método/ruta y botón real consumen este campo, o confirma que no tiene operación?"
"SUPERVISOR:precios:autorizar","SUPERVISOR","precios","autorizar","puedeAutorizar","¿Qué método/ruta y botón real consumen este campo, o confirma que no tiene operación?"
"SUPERVISOR:ajustes:editar","SUPERVISOR","ajustes","editar","puedeEditar","¿Qué método/ruta y botón real consumen este campo, o confirma que no tiene operación?"
"SUPERVISOR:clientes:autorizar","SUPERVISOR","clientes","autorizar","puedeAutorizar","¿Qué método/ruta y botón real consumen este campo, o confirma que no tiene operación?"
"SUPERVISOR:clientes_credito:crear","SUPERVISOR","clientes_credito","crear","puedeCrear","¿Qué método/ruta y botón real consumen este campo, o confirma que no tiene operación?"
"SUPERVISOR:clientes_credito:autorizar","SUPERVISOR","clientes_credito","autorizar","puedeAutorizar","¿Qué método/ruta y botón real consumen este campo, o confirma que no tiene operación?"
"SUPERVISOR:clientes_precios:crear","SUPERVISOR","clientes_precios","crear","puedeCrear","¿Qué método/ruta y botón real consumen este campo, o confirma que no tiene operación?"
"SUPERVISOR:clientes_precios:editar","SUPERVISOR","clientes_precios","editar","puedeEditar","¿Qué método/ruta y botón real consumen este campo, o confirma que no tiene operación?"
"SUPERVISOR:clientes_precios:autorizar","SUPERVISOR","clientes_precios","autorizar","puedeAutorizar","¿Qué método/ruta y botón real consumen este campo, o confirma que no tiene operación?"
"SUPERVISOR:clientes_finanzas:editar","SUPERVISOR","clientes_finanzas","editar","puedeEditar","¿Qué método/ruta y botón real consumen este campo, o confirma que no tiene operación?"
"SUPERVISOR:caja_abonos:ver","SUPERVISOR","caja_abonos","ver","puedeVer","¿Qué método/ruta y botón real consumen este campo, o confirma que no tiene operación?"
"SUPERVISOR:caja_abonos:editar","SUPERVISOR","caja_abonos","editar","puedeEditar","¿Qué método/ruta y botón real consumen este campo, o confirma que no tiene operación?"
"SUPERVISOR:caja_abonos:autorizar","SUPERVISOR","caja_abonos","autorizar","puedeAutorizar","¿Qué método/ruta y botón real consumen este campo, o confirma que no tiene operación?"
"SUPERVISOR:clientes_recapturas:ver","SUPERVISOR","clientes_recapturas","ver","puedeVer","¿Qué método/ruta y botón real consumen este campo, o confirma que no tiene operación?"
"SUPERVISOR:clientes_recapturas:editar","SUPERVISOR","clientes_recapturas","editar","puedeEditar","¿Qué método/ruta y botón real consumen este campo, o confirma que no tiene operación?"
"SUPERVISOR:clientes_recapturas:autorizar","SUPERVISOR","clientes_recapturas","autorizar","puedeAutorizar","¿Qué método/ruta y botón real consumen este campo, o confirma que no tiene operación?"
"SUPERVISOR:proveedores:autorizar","SUPERVISOR","proveedores","autorizar","puedeAutorizar","¿Qué método/ruta y botón real consumen este campo, o confirma que no tiene operación?"
"SUPERVISOR:proveedores_finanzas:editar","SUPERVISOR","proveedores_finanzas","editar","puedeEditar","¿Qué método/ruta y botón real consumen este campo, o confirma que no tiene operación?"
"SUPERVISOR:ubicaciones:autorizar","SUPERVISOR","ubicaciones","autorizar","puedeAutorizar","¿Qué método/ruta y botón real consumen este campo, o confirma que no tiene operación?"
"SUPERVISOR:usuarios:autorizar","SUPERVISOR","usuarios","autorizar","puedeAutorizar","¿Qué método/ruta y botón real consumen este campo, o confirma que no tiene operación?"
"SUPERVISOR:permisos:crear","SUPERVISOR","permisos","crear","puedeCrear","¿Qué método/ruta y botón real consumen este campo, o confirma que no tiene operación?"
"SUPERVISOR:permisos:autorizar","SUPERVISOR","permisos","autorizar","puedeAutorizar","¿Qué método/ruta y botón real consumen este campo, o confirma que no tiene operación?"
"SUPERVISOR:resumen_caja:crear","SUPERVISOR","resumen_caja","crear","puedeCrear","¿Qué método/ruta y botón real consumen este campo, o confirma que no tiene operación?"
"SUPERVISOR:resumen_caja:editar","SUPERVISOR","resumen_caja","editar","puedeEditar","¿Qué método/ruta y botón real consumen este campo, o confirma que no tiene operación?"
"SUPERVISOR:resumen_caja:autorizar","SUPERVISOR","resumen_caja","autorizar","puedeAutorizar","¿Qué método/ruta y botón real consumen este campo, o confirma que no tiene operación?"
"SUPERVISOR:cortes:editar","SUPERVISOR","cortes","editar","puedeEditar","¿Qué método/ruta y botón real consumen este campo, o confirma que no tiene operación?"
"SUPERVISOR:cortes:autorizar","SUPERVISOR","cortes","autorizar","puedeAutorizar","¿Qué método/ruta y botón real consumen este campo, o confirma que no tiene operación?"
"SUPERVISOR:cobros_pagos:editar","SUPERVISOR","cobros_pagos","editar","puedeEditar","¿Qué método/ruta y botón real consumen este campo, o confirma que no tiene operación?"
"SUPERVISOR:cobros_pagos:autorizar","SUPERVISOR","cobros_pagos","autorizar","puedeAutorizar","¿Qué método/ruta y botón real consumen este campo, o confirma que no tiene operación?"
"SUPERVISOR:reportes:crear","SUPERVISOR","reportes","crear","puedeCrear","¿Qué método/ruta y botón real consumen este campo, o confirma que no tiene operación?"
"SUPERVISOR:reportes:editar","SUPERVISOR","reportes","editar","puedeEditar","¿Qué método/ruta y botón real consumen este campo, o confirma que no tiene operación?"
"SUPERVISOR:reportes:autorizar","SUPERVISOR","reportes","autorizar","puedeAutorizar","¿Qué método/ruta y botón real consumen este campo, o confirma que no tiene operación?"
"SUPERVISOR:conciliacion:crear","SUPERVISOR","conciliacion","crear","puedeCrear","¿Qué método/ruta y botón real consumen este campo, o confirma que no tiene operación?"
"SUPERVISOR:conciliacion:editar","SUPERVISOR","conciliacion","editar","puedeEditar","¿Qué método/ruta y botón real consumen este campo, o confirma que no tiene operación?"
"SUPERVISOR:auditoria:crear","SUPERVISOR","auditoria","crear","puedeCrear","¿Qué método/ruta y botón real consumen este campo, o confirma que no tiene operación?"
"SUPERVISOR:auditoria:editar","SUPERVISOR","auditoria","editar","puedeEditar","¿Qué método/ruta y botón real consumen este campo, o confirma que no tiene operación?"
"SUPERVISOR:auditoria:autorizar","SUPERVISOR","auditoria","autorizar","puedeAutorizar","¿Qué método/ruta y botón real consumen este campo, o confirma que no tiene operación?"
"SUPERVISOR:camionetas:autorizar","SUPERVISOR","camionetas","autorizar","puedeAutorizar","¿Qué método/ruta y botón real consumen este campo, o confirma que no tiene operación?"
"SUPERVISOR:choferes:autorizar","SUPERVISOR","choferes","autorizar","puedeAutorizar","¿Qué método/ruta y botón real consumen este campo, o confirma que no tiene operación?"
"SUPERVISOR:viajes:editar","SUPERVISOR","viajes","editar","puedeEditar","¿Qué método/ruta y botón real consumen este campo, o confirma que no tiene operación?"
"SUPERVISOR:viajes:autorizar","SUPERVISOR","viajes","autorizar","puedeAutorizar","¿Qué método/ruta y botón real consumen este campo, o confirma que no tiene operación?"
"SUPERVISOR:salidas_venta:editar","SUPERVISOR","salidas_venta","editar","puedeEditar","¿Qué método/ruta y botón real consumen este campo, o confirma que no tiene operación?"
"SUPERVISOR:salidas_venta:autorizar","SUPERVISOR","salidas_venta","autorizar","puedeAutorizar","¿Qué método/ruta y botón real consumen este campo, o confirma que no tiene operación?"
"SUPERVISOR:equipos:autorizar","SUPERVISOR","equipos","autorizar","puedeAutorizar","¿Qué método/ruta y botón real consumen este campo, o confirma que no tiene operación?"
"BODEGA:marcar_remate:ver","BODEGA","marcar_remate","ver","puedeVer","¿Qué método/ruta y botón real consumen este campo, o confirma que no tiene operación?"
"BODEGA:marcar_remate:crear","BODEGA","marcar_remate","crear","puedeCrear","¿Qué método/ruta y botón real consumen este campo, o confirma que no tiene operación?"
"BODEGA:marcar_remate:editar","BODEGA","marcar_remate","editar","puedeEditar","¿Qué método/ruta y botón real consumen este campo, o confirma que no tiene operación?"
"BODEGA:dashboard:crear","BODEGA","dashboard","crear","puedeCrear","¿Qué método/ruta y botón real consumen este campo, o confirma que no tiene operación?"
"BODEGA:dashboard:editar","BODEGA","dashboard","editar","puedeEditar","¿Qué método/ruta y botón real consumen este campo, o confirma que no tiene operación?"
"BODEGA:dashboard:autorizar","BODEGA","dashboard","autorizar","puedeAutorizar","¿Qué método/ruta y botón real consumen este campo, o confirma que no tiene operación?"
"BODEGA:pos:editar","BODEGA","pos","editar","puedeEditar","¿Qué método/ruta y botón real consumen este campo, o confirma que no tiene operación?"
"BODEGA:pos:autorizar","BODEGA","pos","autorizar","puedeAutorizar","¿Qué método/ruta y botón real consumen este campo, o confirma que no tiene operación?"
"BODEGA:entradas:autorizar","BODEGA","entradas","autorizar","puedeAutorizar","¿Qué método/ruta y botón real consumen este campo, o confirma que no tiene operación?"
"BODEGA:movimientos:crear","BODEGA","movimientos","crear","puedeCrear","¿Qué método/ruta y botón real consumen este campo, o confirma que no tiene operación?"
"BODEGA:movimientos:editar","BODEGA","movimientos","editar","puedeEditar","¿Qué método/ruta y botón real consumen este campo, o confirma que no tiene operación?"
"BODEGA:movimientos:autorizar","BODEGA","movimientos","autorizar","puedeAutorizar","¿Qué método/ruta y botón real consumen este campo, o confirma que no tiene operación?"
"BODEGA:etiquetas:autorizar","BODEGA","etiquetas","autorizar","puedeAutorizar","¿Qué método/ruta y botón real consumen este campo, o confirma que no tiene operación?"
"BODEGA:inventario:crear","BODEGA","inventario","crear","puedeCrear","¿Qué método/ruta y botón real consumen este campo, o confirma que no tiene operación?"
"BODEGA:inventario:autorizar","BODEGA","inventario","autorizar","puedeAutorizar","¿Qué método/ruta y botón real consumen este campo, o confirma que no tiene operación?"
"BODEGA:productos:autorizar","BODEGA","productos","autorizar","puedeAutorizar","¿Qué método/ruta y botón real consumen este campo, o confirma que no tiene operación?"
"BODEGA:precios:crear","BODEGA","precios","crear","puedeCrear","¿Qué método/ruta y botón real consumen este campo, o confirma que no tiene operación?"
"BODEGA:precios:autorizar","BODEGA","precios","autorizar","puedeAutorizar","¿Qué método/ruta y botón real consumen este campo, o confirma que no tiene operación?"
"BODEGA:clientes:autorizar","BODEGA","clientes","autorizar","puedeAutorizar","¿Qué método/ruta y botón real consumen este campo, o confirma que no tiene operación?"
"BODEGA:clientes_credito:crear","BODEGA","clientes_credito","crear","puedeCrear","¿Qué método/ruta y botón real consumen este campo, o confirma que no tiene operación?"
"BODEGA:clientes_credito:autorizar","BODEGA","clientes_credito","autorizar","puedeAutorizar","¿Qué método/ruta y botón real consumen este campo, o confirma que no tiene operación?"
"BODEGA:clientes_precios:crear","BODEGA","clientes_precios","crear","puedeCrear","¿Qué método/ruta y botón real consumen este campo, o confirma que no tiene operación?"
"BODEGA:clientes_precios:editar","BODEGA","clientes_precios","editar","puedeEditar","¿Qué método/ruta y botón real consumen este campo, o confirma que no tiene operación?"
"BODEGA:clientes_precios:autorizar","BODEGA","clientes_precios","autorizar","puedeAutorizar","¿Qué método/ruta y botón real consumen este campo, o confirma que no tiene operación?"
"BODEGA:clientes_finanzas:editar","BODEGA","clientes_finanzas","editar","puedeEditar","¿Qué método/ruta y botón real consumen este campo, o confirma que no tiene operación?"
"BODEGA:caja_abonos:ver","BODEGA","caja_abonos","ver","puedeVer","¿Qué método/ruta y botón real consumen este campo, o confirma que no tiene operación?"
"BODEGA:caja_abonos:editar","BODEGA","caja_abonos","editar","puedeEditar","¿Qué método/ruta y botón real consumen este campo, o confirma que no tiene operación?"
"BODEGA:caja_abonos:autorizar","BODEGA","caja_abonos","autorizar","puedeAutorizar","¿Qué método/ruta y botón real consumen este campo, o confirma que no tiene operación?"
"BODEGA:clientes_recapturas:ver","BODEGA","clientes_recapturas","ver","puedeVer","¿Qué método/ruta y botón real consumen este campo, o confirma que no tiene operación?"
"BODEGA:clientes_recapturas:editar","BODEGA","clientes_recapturas","editar","puedeEditar","¿Qué método/ruta y botón real consumen este campo, o confirma que no tiene operación?"
"BODEGA:clientes_recapturas:autorizar","BODEGA","clientes_recapturas","autorizar","puedeAutorizar","¿Qué método/ruta y botón real consumen este campo, o confirma que no tiene operación?"
"BODEGA:proveedores:autorizar","BODEGA","proveedores","autorizar","puedeAutorizar","¿Qué método/ruta y botón real consumen este campo, o confirma que no tiene operación?"
"BODEGA:proveedores_finanzas:editar","BODEGA","proveedores_finanzas","editar","puedeEditar","¿Qué método/ruta y botón real consumen este campo, o confirma que no tiene operación?"
"BODEGA:ubicaciones:autorizar","BODEGA","ubicaciones","autorizar","puedeAutorizar","¿Qué método/ruta y botón real consumen este campo, o confirma que no tiene operación?"
"BODEGA:usuarios:autorizar","BODEGA","usuarios","autorizar","puedeAutorizar","¿Qué método/ruta y botón real consumen este campo, o confirma que no tiene operación?"
"BODEGA:permisos:crear","BODEGA","permisos","crear","puedeCrear","¿Qué método/ruta y botón real consumen este campo, o confirma que no tiene operación?"
"BODEGA:permisos:autorizar","BODEGA","permisos","autorizar","puedeAutorizar","¿Qué método/ruta y botón real consumen este campo, o confirma que no tiene operación?"
"BODEGA:resumen_caja:crear","BODEGA","resumen_caja","crear","puedeCrear","¿Qué método/ruta y botón real consumen este campo, o confirma que no tiene operación?"
"BODEGA:resumen_caja:editar","BODEGA","resumen_caja","editar","puedeEditar","¿Qué método/ruta y botón real consumen este campo, o confirma que no tiene operación?"
"BODEGA:resumen_caja:autorizar","BODEGA","resumen_caja","autorizar","puedeAutorizar","¿Qué método/ruta y botón real consumen este campo, o confirma que no tiene operación?"
"BODEGA:cortes:editar","BODEGA","cortes","editar","puedeEditar","¿Qué método/ruta y botón real consumen este campo, o confirma que no tiene operación?"
"BODEGA:cortes:autorizar","BODEGA","cortes","autorizar","puedeAutorizar","¿Qué método/ruta y botón real consumen este campo, o confirma que no tiene operación?"
"BODEGA:cobros_pagos:editar","BODEGA","cobros_pagos","editar","puedeEditar","¿Qué método/ruta y botón real consumen este campo, o confirma que no tiene operación?"
"BODEGA:cobros_pagos:autorizar","BODEGA","cobros_pagos","autorizar","puedeAutorizar","¿Qué método/ruta y botón real consumen este campo, o confirma que no tiene operación?"
"BODEGA:reportes:crear","BODEGA","reportes","crear","puedeCrear","¿Qué método/ruta y botón real consumen este campo, o confirma que no tiene operación?"
"BODEGA:reportes:editar","BODEGA","reportes","editar","puedeEditar","¿Qué método/ruta y botón real consumen este campo, o confirma que no tiene operación?"
"BODEGA:reportes:autorizar","BODEGA","reportes","autorizar","puedeAutorizar","¿Qué método/ruta y botón real consumen este campo, o confirma que no tiene operación?"
"BODEGA:conciliacion:crear","BODEGA","conciliacion","crear","puedeCrear","¿Qué método/ruta y botón real consumen este campo, o confirma que no tiene operación?"
"BODEGA:conciliacion:editar","BODEGA","conciliacion","editar","puedeEditar","¿Qué método/ruta y botón real consumen este campo, o confirma que no tiene operación?"
"BODEGA:auditoria:crear","BODEGA","auditoria","crear","puedeCrear","¿Qué método/ruta y botón real consumen este campo, o confirma que no tiene operación?"
"BODEGA:auditoria:editar","BODEGA","auditoria","editar","puedeEditar","¿Qué método/ruta y botón real consumen este campo, o confirma que no tiene operación?"
"BODEGA:auditoria:autorizar","BODEGA","auditoria","autorizar","puedeAutorizar","¿Qué método/ruta y botón real consumen este campo, o confirma que no tiene operación?"
"BODEGA:camionetas:autorizar","BODEGA","camionetas","autorizar","puedeAutorizar","¿Qué método/ruta y botón real consumen este campo, o confirma que no tiene operación?"
"BODEGA:choferes:autorizar","BODEGA","choferes","autorizar","puedeAutorizar","¿Qué método/ruta y botón real consumen este campo, o confirma que no tiene operación?"
"BODEGA:viajes:editar","BODEGA","viajes","editar","puedeEditar","¿Qué método/ruta y botón real consumen este campo, o confirma que no tiene operación?"
"BODEGA:viajes:autorizar","BODEGA","viajes","autorizar","puedeAutorizar","¿Qué método/ruta y botón real consumen este campo, o confirma que no tiene operación?"
"BODEGA:salidas_venta:editar","BODEGA","salidas_venta","editar","puedeEditar","¿Qué método/ruta y botón real consumen este campo, o confirma que no tiene operación?"
"BODEGA:salidas_venta:autorizar","BODEGA","salidas_venta","autorizar","puedeAutorizar","¿Qué método/ruta y botón real consumen este campo, o confirma que no tiene operación?"
"BODEGA:equipos:autorizar","BODEGA","equipos","autorizar","puedeAutorizar","¿Qué método/ruta y botón real consumen este campo, o confirma que no tiene operación?"
"SISTEMAS:marcar_remate:ver","SISTEMAS","marcar_remate","ver","puedeVer","¿Qué método/ruta y botón real consumen este campo, o confirma que no tiene operación?"
"SISTEMAS:marcar_remate:crear","SISTEMAS","marcar_remate","crear","puedeCrear","¿Qué método/ruta y botón real consumen este campo, o confirma que no tiene operación?"
"SISTEMAS:marcar_remate:editar","SISTEMAS","marcar_remate","editar","puedeEditar","¿Qué método/ruta y botón real consumen este campo, o confirma que no tiene operación?"
"SISTEMAS:dashboard:crear","SISTEMAS","dashboard","crear","puedeCrear","¿Qué método/ruta y botón real consumen este campo, o confirma que no tiene operación?"
"SISTEMAS:dashboard:editar","SISTEMAS","dashboard","editar","puedeEditar","¿Qué método/ruta y botón real consumen este campo, o confirma que no tiene operación?"
"SISTEMAS:dashboard:autorizar","SISTEMAS","dashboard","autorizar","puedeAutorizar","¿Qué método/ruta y botón real consumen este campo, o confirma que no tiene operación?"
"SISTEMAS:pos:editar","SISTEMAS","pos","editar","puedeEditar","¿Qué método/ruta y botón real consumen este campo, o confirma que no tiene operación?"
"SISTEMAS:pos:autorizar","SISTEMAS","pos","autorizar","puedeAutorizar","¿Qué método/ruta y botón real consumen este campo, o confirma que no tiene operación?"
"SISTEMAS:entradas:autorizar","SISTEMAS","entradas","autorizar","puedeAutorizar","¿Qué método/ruta y botón real consumen este campo, o confirma que no tiene operación?"
"SISTEMAS:movimientos:autorizar","SISTEMAS","movimientos","autorizar","puedeAutorizar","¿Qué método/ruta y botón real consumen este campo, o confirma que no tiene operación?"
"SISTEMAS:etiquetas:autorizar","SISTEMAS","etiquetas","autorizar","puedeAutorizar","¿Qué método/ruta y botón real consumen este campo, o confirma que no tiene operación?"
"SISTEMAS:inventario:crear","SISTEMAS","inventario","crear","puedeCrear","¿Qué método/ruta y botón real consumen este campo, o confirma que no tiene operación?"
"SISTEMAS:inventario:autorizar","SISTEMAS","inventario","autorizar","puedeAutorizar","¿Qué método/ruta y botón real consumen este campo, o confirma que no tiene operación?"
"SISTEMAS:productos:autorizar","SISTEMAS","productos","autorizar","puedeAutorizar","¿Qué método/ruta y botón real consumen este campo, o confirma que no tiene operación?"
"SISTEMAS:precios:autorizar","SISTEMAS","precios","autorizar","puedeAutorizar","¿Qué método/ruta y botón real consumen este campo, o confirma que no tiene operación?"
"SISTEMAS:ajustes:editar","SISTEMAS","ajustes","editar","puedeEditar","¿Qué método/ruta y botón real consumen este campo, o confirma que no tiene operación?"
"SISTEMAS:clientes:autorizar","SISTEMAS","clientes","autorizar","puedeAutorizar","¿Qué método/ruta y botón real consumen este campo, o confirma que no tiene operación?"
"SISTEMAS:clientes_credito:crear","SISTEMAS","clientes_credito","crear","puedeCrear","¿Qué método/ruta y botón real consumen este campo, o confirma que no tiene operación?"
"SISTEMAS:clientes_credito:autorizar","SISTEMAS","clientes_credito","autorizar","puedeAutorizar","¿Qué método/ruta y botón real consumen este campo, o confirma que no tiene operación?"
"SISTEMAS:clientes_precios:crear","SISTEMAS","clientes_precios","crear","puedeCrear","¿Qué método/ruta y botón real consumen este campo, o confirma que no tiene operación?"
"SISTEMAS:clientes_precios:editar","SISTEMAS","clientes_precios","editar","puedeEditar","¿Qué método/ruta y botón real consumen este campo, o confirma que no tiene operación?"
"SISTEMAS:clientes_precios:autorizar","SISTEMAS","clientes_precios","autorizar","puedeAutorizar","¿Qué método/ruta y botón real consumen este campo, o confirma que no tiene operación?"
"SISTEMAS:clientes_finanzas:editar","SISTEMAS","clientes_finanzas","editar","puedeEditar","¿Qué método/ruta y botón real consumen este campo, o confirma que no tiene operación?"
"SISTEMAS:caja_abonos:ver","SISTEMAS","caja_abonos","ver","puedeVer","¿Qué método/ruta y botón real consumen este campo, o confirma que no tiene operación?"
"SISTEMAS:caja_abonos:editar","SISTEMAS","caja_abonos","editar","puedeEditar","¿Qué método/ruta y botón real consumen este campo, o confirma que no tiene operación?"
"SISTEMAS:caja_abonos:autorizar","SISTEMAS","caja_abonos","autorizar","puedeAutorizar","¿Qué método/ruta y botón real consumen este campo, o confirma que no tiene operación?"
"SISTEMAS:clientes_recapturas:ver","SISTEMAS","clientes_recapturas","ver","puedeVer","¿Qué método/ruta y botón real consumen este campo, o confirma que no tiene operación?"
"SISTEMAS:clientes_recapturas:editar","SISTEMAS","clientes_recapturas","editar","puedeEditar","¿Qué método/ruta y botón real consumen este campo, o confirma que no tiene operación?"
"SISTEMAS:clientes_recapturas:autorizar","SISTEMAS","clientes_recapturas","autorizar","puedeAutorizar","¿Qué método/ruta y botón real consumen este campo, o confirma que no tiene operación?"
"SISTEMAS:proveedores:autorizar","SISTEMAS","proveedores","autorizar","puedeAutorizar","¿Qué método/ruta y botón real consumen este campo, o confirma que no tiene operación?"
"SISTEMAS:proveedores_finanzas:editar","SISTEMAS","proveedores_finanzas","editar","puedeEditar","¿Qué método/ruta y botón real consumen este campo, o confirma que no tiene operación?"
"SISTEMAS:ubicaciones:autorizar","SISTEMAS","ubicaciones","autorizar","puedeAutorizar","¿Qué método/ruta y botón real consumen este campo, o confirma que no tiene operación?"
"SISTEMAS:usuarios:autorizar","SISTEMAS","usuarios","autorizar","puedeAutorizar","¿Qué método/ruta y botón real consumen este campo, o confirma que no tiene operación?"
"SISTEMAS:permisos:crear","SISTEMAS","permisos","crear","puedeCrear","¿Qué método/ruta y botón real consumen este campo, o confirma que no tiene operación?"
"SISTEMAS:permisos:autorizar","SISTEMAS","permisos","autorizar","puedeAutorizar","¿Qué método/ruta y botón real consumen este campo, o confirma que no tiene operación?"
"SISTEMAS:resumen_caja:crear","SISTEMAS","resumen_caja","crear","puedeCrear","¿Qué método/ruta y botón real consumen este campo, o confirma que no tiene operación?"
"SISTEMAS:resumen_caja:editar","SISTEMAS","resumen_caja","editar","puedeEditar","¿Qué método/ruta y botón real consumen este campo, o confirma que no tiene operación?"
"SISTEMAS:resumen_caja:autorizar","SISTEMAS","resumen_caja","autorizar","puedeAutorizar","¿Qué método/ruta y botón real consumen este campo, o confirma que no tiene operación?"
"SISTEMAS:cortes:editar","SISTEMAS","cortes","editar","puedeEditar","¿Qué método/ruta y botón real consumen este campo, o confirma que no tiene operación?"
"SISTEMAS:cortes:autorizar","SISTEMAS","cortes","autorizar","puedeAutorizar","¿Qué método/ruta y botón real consumen este campo, o confirma que no tiene operación?"
"SISTEMAS:cobros_pagos:editar","SISTEMAS","cobros_pagos","editar","puedeEditar","¿Qué método/ruta y botón real consumen este campo, o confirma que no tiene operación?"
"SISTEMAS:cobros_pagos:autorizar","SISTEMAS","cobros_pagos","autorizar","puedeAutorizar","¿Qué método/ruta y botón real consumen este campo, o confirma que no tiene operación?"
"SISTEMAS:reportes:crear","SISTEMAS","reportes","crear","puedeCrear","¿Qué método/ruta y botón real consumen este campo, o confirma que no tiene operación?"
"SISTEMAS:reportes:editar","SISTEMAS","reportes","editar","puedeEditar","¿Qué método/ruta y botón real consumen este campo, o confirma que no tiene operación?"
"SISTEMAS:reportes:autorizar","SISTEMAS","reportes","autorizar","puedeAutorizar","¿Qué método/ruta y botón real consumen este campo, o confirma que no tiene operación?"
"SISTEMAS:conciliacion:editar","SISTEMAS","conciliacion","editar","puedeEditar","¿Qué método/ruta y botón real consumen este campo, o confirma que no tiene operación?"
"SISTEMAS:auditoria:crear","SISTEMAS","auditoria","crear","puedeCrear","¿Qué método/ruta y botón real consumen este campo, o confirma que no tiene operación?"
"SISTEMAS:auditoria:editar","SISTEMAS","auditoria","editar","puedeEditar","¿Qué método/ruta y botón real consumen este campo, o confirma que no tiene operación?"
"SISTEMAS:auditoria:autorizar","SISTEMAS","auditoria","autorizar","puedeAutorizar","¿Qué método/ruta y botón real consumen este campo, o confirma que no tiene operación?"
"SISTEMAS:camionetas:autorizar","SISTEMAS","camionetas","autorizar","puedeAutorizar","¿Qué método/ruta y botón real consumen este campo, o confirma que no tiene operación?"
"SISTEMAS:choferes:autorizar","SISTEMAS","choferes","autorizar","puedeAutorizar","¿Qué método/ruta y botón real consumen este campo, o confirma que no tiene operación?"
"SISTEMAS:viajes:autorizar","SISTEMAS","viajes","autorizar","puedeAutorizar","¿Qué método/ruta y botón real consumen este campo, o confirma que no tiene operación?"
"SISTEMAS:salidas_venta:editar","SISTEMAS","salidas_venta","editar","puedeEditar","¿Qué método/ruta y botón real consumen este campo, o confirma que no tiene operación?"
"SISTEMAS:salidas_venta:autorizar","SISTEMAS","salidas_venta","autorizar","puedeAutorizar","¿Qué método/ruta y botón real consumen este campo, o confirma que no tiene operación?"
"SISTEMAS:equipos:autorizar","SISTEMAS","equipos","autorizar","puedeAutorizar","¿Qué método/ruta y botón real consumen este campo, o confirma que no tiene operación?"
"CONTADOR:marcar_remate:ver","CONTADOR","marcar_remate","ver","puedeVer","¿Qué método/ruta y botón real consumen este campo, o confirma que no tiene operación?"
"CONTADOR:marcar_remate:crear","CONTADOR","marcar_remate","crear","puedeCrear","¿Qué método/ruta y botón real consumen este campo, o confirma que no tiene operación?"
"CONTADOR:marcar_remate:editar","CONTADOR","marcar_remate","editar","puedeEditar","¿Qué método/ruta y botón real consumen este campo, o confirma que no tiene operación?"
"CONTADOR:dashboard:crear","CONTADOR","dashboard","crear","puedeCrear","¿Qué método/ruta y botón real consumen este campo, o confirma que no tiene operación?"
"CONTADOR:dashboard:editar","CONTADOR","dashboard","editar","puedeEditar","¿Qué método/ruta y botón real consumen este campo, o confirma que no tiene operación?"
"CONTADOR:dashboard:autorizar","CONTADOR","dashboard","autorizar","puedeAutorizar","¿Qué método/ruta y botón real consumen este campo, o confirma que no tiene operación?"
"CONTADOR:pos:editar","CONTADOR","pos","editar","puedeEditar","¿Qué método/ruta y botón real consumen este campo, o confirma que no tiene operación?"
"CONTADOR:pos:autorizar","CONTADOR","pos","autorizar","puedeAutorizar","¿Qué método/ruta y botón real consumen este campo, o confirma que no tiene operación?"
"CONTADOR:entradas:autorizar","CONTADOR","entradas","autorizar","puedeAutorizar","¿Qué método/ruta y botón real consumen este campo, o confirma que no tiene operación?"
"CONTADOR:movimientos:crear","CONTADOR","movimientos","crear","puedeCrear","¿Qué método/ruta y botón real consumen este campo, o confirma que no tiene operación?"
"CONTADOR:movimientos:editar","CONTADOR","movimientos","editar","puedeEditar","¿Qué método/ruta y botón real consumen este campo, o confirma que no tiene operación?"
"CONTADOR:movimientos:autorizar","CONTADOR","movimientos","autorizar","puedeAutorizar","¿Qué método/ruta y botón real consumen este campo, o confirma que no tiene operación?"
"CONTADOR:etiquetas:autorizar","CONTADOR","etiquetas","autorizar","puedeAutorizar","¿Qué método/ruta y botón real consumen este campo, o confirma que no tiene operación?"
"CONTADOR:inventario:crear","CONTADOR","inventario","crear","puedeCrear","¿Qué método/ruta y botón real consumen este campo, o confirma que no tiene operación?"
"CONTADOR:inventario:autorizar","CONTADOR","inventario","autorizar","puedeAutorizar","¿Qué método/ruta y botón real consumen este campo, o confirma que no tiene operación?"
"CONTADOR:productos:autorizar","CONTADOR","productos","autorizar","puedeAutorizar","¿Qué método/ruta y botón real consumen este campo, o confirma que no tiene operación?"
"CONTADOR:precios:crear","CONTADOR","precios","crear","puedeCrear","¿Qué método/ruta y botón real consumen este campo, o confirma que no tiene operación?"
"CONTADOR:precios:autorizar","CONTADOR","precios","autorizar","puedeAutorizar","¿Qué método/ruta y botón real consumen este campo, o confirma que no tiene operación?"
"CONTADOR:ajustes:ver","CONTADOR","ajustes","ver","puedeVer","¿Qué método/ruta y botón real consumen este campo, o confirma que no tiene operación?"
"CONTADOR:ajustes:editar","CONTADOR","ajustes","editar","puedeEditar","¿Qué método/ruta y botón real consumen este campo, o confirma que no tiene operación?"
"CONTADOR:clientes:autorizar","CONTADOR","clientes","autorizar","puedeAutorizar","¿Qué método/ruta y botón real consumen este campo, o confirma que no tiene operación?"
"CONTADOR:clientes_credito:crear","CONTADOR","clientes_credito","crear","puedeCrear","¿Qué método/ruta y botón real consumen este campo, o confirma que no tiene operación?"
"CONTADOR:clientes_credito:autorizar","CONTADOR","clientes_credito","autorizar","puedeAutorizar","¿Qué método/ruta y botón real consumen este campo, o confirma que no tiene operación?"
"CONTADOR:clientes_precios:crear","CONTADOR","clientes_precios","crear","puedeCrear","¿Qué método/ruta y botón real consumen este campo, o confirma que no tiene operación?"
"CONTADOR:clientes_precios:editar","CONTADOR","clientes_precios","editar","puedeEditar","¿Qué método/ruta y botón real consumen este campo, o confirma que no tiene operación?"
"CONTADOR:clientes_precios:autorizar","CONTADOR","clientes_precios","autorizar","puedeAutorizar","¿Qué método/ruta y botón real consumen este campo, o confirma que no tiene operación?"
"CONTADOR:clientes_finanzas:editar","CONTADOR","clientes_finanzas","editar","puedeEditar","¿Qué método/ruta y botón real consumen este campo, o confirma que no tiene operación?"
"CONTADOR:caja_abonos:ver","CONTADOR","caja_abonos","ver","puedeVer","¿Qué método/ruta y botón real consumen este campo, o confirma que no tiene operación?"
"CONTADOR:caja_abonos:editar","CONTADOR","caja_abonos","editar","puedeEditar","¿Qué método/ruta y botón real consumen este campo, o confirma que no tiene operación?"
"CONTADOR:caja_abonos:autorizar","CONTADOR","caja_abonos","autorizar","puedeAutorizar","¿Qué método/ruta y botón real consumen este campo, o confirma que no tiene operación?"
"CONTADOR:clientes_recapturas:ver","CONTADOR","clientes_recapturas","ver","puedeVer","¿Qué método/ruta y botón real consumen este campo, o confirma que no tiene operación?"
"CONTADOR:clientes_recapturas:editar","CONTADOR","clientes_recapturas","editar","puedeEditar","¿Qué método/ruta y botón real consumen este campo, o confirma que no tiene operación?"
"CONTADOR:clientes_recapturas:autorizar","CONTADOR","clientes_recapturas","autorizar","puedeAutorizar","¿Qué método/ruta y botón real consumen este campo, o confirma que no tiene operación?"
"CONTADOR:proveedores:autorizar","CONTADOR","proveedores","autorizar","puedeAutorizar","¿Qué método/ruta y botón real consumen este campo, o confirma que no tiene operación?"
"CONTADOR:proveedores_finanzas:editar","CONTADOR","proveedores_finanzas","editar","puedeEditar","¿Qué método/ruta y botón real consumen este campo, o confirma que no tiene operación?"
"CONTADOR:ubicaciones:autorizar","CONTADOR","ubicaciones","autorizar","puedeAutorizar","¿Qué método/ruta y botón real consumen este campo, o confirma que no tiene operación?"
"CONTADOR:usuarios:autorizar","CONTADOR","usuarios","autorizar","puedeAutorizar","¿Qué método/ruta y botón real consumen este campo, o confirma que no tiene operación?"
"CONTADOR:permisos:crear","CONTADOR","permisos","crear","puedeCrear","¿Qué método/ruta y botón real consumen este campo, o confirma que no tiene operación?"
"CONTADOR:permisos:autorizar","CONTADOR","permisos","autorizar","puedeAutorizar","¿Qué método/ruta y botón real consumen este campo, o confirma que no tiene operación?"
"CONTADOR:resumen_caja:crear","CONTADOR","resumen_caja","crear","puedeCrear","¿Qué método/ruta y botón real consumen este campo, o confirma que no tiene operación?"
"CONTADOR:resumen_caja:editar","CONTADOR","resumen_caja","editar","puedeEditar","¿Qué método/ruta y botón real consumen este campo, o confirma que no tiene operación?"
"CONTADOR:resumen_caja:autorizar","CONTADOR","resumen_caja","autorizar","puedeAutorizar","¿Qué método/ruta y botón real consumen este campo, o confirma que no tiene operación?"
"CONTADOR:cortes:editar","CONTADOR","cortes","editar","puedeEditar","¿Qué método/ruta y botón real consumen este campo, o confirma que no tiene operación?"
"CONTADOR:cortes:autorizar","CONTADOR","cortes","autorizar","puedeAutorizar","¿Qué método/ruta y botón real consumen este campo, o confirma que no tiene operación?"
"CONTADOR:cobros_pagos:editar","CONTADOR","cobros_pagos","editar","puedeEditar","¿Qué método/ruta y botón real consumen este campo, o confirma que no tiene operación?"
"CONTADOR:cobros_pagos:autorizar","CONTADOR","cobros_pagos","autorizar","puedeAutorizar","¿Qué método/ruta y botón real consumen este campo, o confirma que no tiene operación?"
"CONTADOR:reportes:crear","CONTADOR","reportes","crear","puedeCrear","¿Qué método/ruta y botón real consumen este campo, o confirma que no tiene operación?"
"CONTADOR:reportes:editar","CONTADOR","reportes","editar","puedeEditar","¿Qué método/ruta y botón real consumen este campo, o confirma que no tiene operación?"
"CONTADOR:reportes:autorizar","CONTADOR","reportes","autorizar","puedeAutorizar","¿Qué método/ruta y botón real consumen este campo, o confirma que no tiene operación?"
"CONTADOR:conciliacion:crear","CONTADOR","conciliacion","crear","puedeCrear","¿Qué método/ruta y botón real consumen este campo, o confirma que no tiene operación?"
"CONTADOR:conciliacion:editar","CONTADOR","conciliacion","editar","puedeEditar","¿Qué método/ruta y botón real consumen este campo, o confirma que no tiene operación?"
"CONTADOR:auditoria:crear","CONTADOR","auditoria","crear","puedeCrear","¿Qué método/ruta y botón real consumen este campo, o confirma que no tiene operación?"
"CONTADOR:auditoria:editar","CONTADOR","auditoria","editar","puedeEditar","¿Qué método/ruta y botón real consumen este campo, o confirma que no tiene operación?"
"CONTADOR:auditoria:autorizar","CONTADOR","auditoria","autorizar","puedeAutorizar","¿Qué método/ruta y botón real consumen este campo, o confirma que no tiene operación?"
"CONTADOR:camionetas:autorizar","CONTADOR","camionetas","autorizar","puedeAutorizar","¿Qué método/ruta y botón real consumen este campo, o confirma que no tiene operación?"
"CONTADOR:choferes:autorizar","CONTADOR","choferes","autorizar","puedeAutorizar","¿Qué método/ruta y botón real consumen este campo, o confirma que no tiene operación?"
"CONTADOR:viajes:editar","CONTADOR","viajes","editar","puedeEditar","¿Qué método/ruta y botón real consumen este campo, o confirma que no tiene operación?"
"CONTADOR:viajes:autorizar","CONTADOR","viajes","autorizar","puedeAutorizar","¿Qué método/ruta y botón real consumen este campo, o confirma que no tiene operación?"
"CONTADOR:salidas_venta:editar","CONTADOR","salidas_venta","editar","puedeEditar","¿Qué método/ruta y botón real consumen este campo, o confirma que no tiene operación?"
"CONTADOR:salidas_venta:autorizar","CONTADOR","salidas_venta","autorizar","puedeAutorizar","¿Qué método/ruta y botón real consumen este campo, o confirma que no tiene operación?"
"CONTADOR:equipos:autorizar","CONTADOR","equipos","autorizar","puedeAutorizar","¿Qué método/ruta y botón real consumen este campo, o confirma que no tiene operación?"
